category,id,product_name_en,product_name_kr,description_en,description_kr,product_name_en_alt,tagline,main_ingredients,ingredient_benefits,target_skin_type,skin_concerns,texture,finish,usage_guide,key_claims,tiktok_hook,marketing_angle,market_trend
Brand/Company,Company Slogan,,,Uncompromised Protection. Transparent Beauty.,타협 없는 보호. 투명한 아름다움.,,,,,,,,,,,,,
Brand/Company,Brand Mission,,,Redefining clean skincare by eliminating the compromise between high-performance results and gentle formulations. Transforming routines into effortless rituals with weightless textures and visible results.,고기능성 결과와 순한 처방 사이의 타협을 없애 클린 스킨케어를 재정의합니다. 가벼운 제형과 가시적인 효과로 일상의 루틴을 손쉬운 리추얼로 변화시킵니다.,,,,,,,,,,,,,
Brand/Company,Brand Values,,,"Radical Transparency and Clinical Efficacy. Formulated with proven heroes like Snail Mucin and Heartleaf to protect, repair, and enhance the skin barrier.","철저한 투명성과 임상적 효능. 스네일 뮤신, 어성초와 같은 검증된 성분으로 피부 장벽을 보호, 복구 및 강화합니다.",,,,,,,,,,,,,
Brand/Company,Product Standards,,,"Strictly transparent, highly effective ingredients. Guaranteed non-comedogenic, dermatologist-tested, and irritation-free finishes.","엄격하게 투명하고 고효능의 성분만을 사용합니다. 여드름 유발 방지(Non-comedogenic), 피부과 테스트 완료, 무자극 마무리를 보장합니다.",,,,,,,,,,,,,
Brand/Company,Brand Identity,,,K-Beauty reimagined for the ingredient-conscious generation. No compromises. No secrets. Just results.,"성분을 중시하는 세대를 위해 재해석된 K-뷰티. 타협도, 비밀도 없습니다. 오직 결과로 말합니다.",,,,,,,,,,,,,
Product,KLR-001,Barrier-Cloud Moisturizing Cream,배리어 클라우드 모이스처라이징 크림,"A whipped, cloud-like cream formulated with Ceramide NP and Panthenol to repair the skin barrier without the heavy feel. Perfect for 'Skin Cycling' nights or soothing irritation after active treatments.",,,Weightless recovery for a resilient skin barrier.,"Ceramide NP, Panthenol (Vitamin B5), Triple Hyaluronic Acid",Ceramides restore skin barrier; Panthenol soothes irritation; Hyaluronic acid provides multi-depth hydration.,"Dry, Sensitive, Compromised Barrier","Dehydration, Redness, Flakiness, Irritation from Retinoids","Whipped, cloud-like airy cream, fast-absorbing","Velvety, non-greasy, soft-matte",Apply as the final step in your PM routine or whenever skin feels sensitized. Massage gently until absorbed.,"Vegan, Cruelty-Free, Fragrance-Free, Non-Comedogenic, Dermatologist-Tested","#SkinCycling savior, #CloudTexture ASMR, Barrier repair for active skin",The ultimate recovery cream for the ingredient-conscious consumer. Viral 'Cloud' texture.,Fits the 'Skin Cycling' recovery night trend in the US.
Product,KLR-002,Ceramide Glow Milky Toner,세라마이드 글로우 밀키 토너,A nutrient-rich milky toner inspired by the 'Glazed Skin' trend. It combines the deep hydration of a cream with the lightweight feel of a toner to prep and plump the skin.,,Barrier & Hydration Glaze,The essential first step for an effortless Glass Skin glow.,"Ceramide NP, Rice Bran Extract, Niacinamide, Glycerin",Rice bran brightens tone; Niacinamide refines pores; Ceramide seals in moisture.,"All Skin Types, especially Dull or Dry","Dullness, Rough Texture, Lack of Radiance","Liquid-milk, lightweight but deeply hydrating","Dewy, 'Glazed' glow, healthy radiance",Pat into clean skin using hands. Layer 2-3 times for a high-gloss finish.,"Vegan, Fragrance-Free, Clean Beauty, Glass Skin approved","#GlazingMilk aesthetic, #GlassSkin base, Milky toner layering",Achieve the Hailey Bieber 'Rhode' aesthetic with K-Beauty innovation.,Rides the 'Glazing' trend popularized by Rhode/Hailey Bieber.
Product,KLR-003,Heartleaf Soothing Cooling Toner Pads,어성초 수딩 쿨링 토너 패드,Dual-sided cooling pads soaked in Heartleaf extract to detoxify and calm skin instantly. Designed for the generation on the move—perfect after a workout or a long day in the sun.,,Relief & Reset Pads,Instant redness relief for active lifestyles.,"Houttuynia Cordata (Heartleaf) Extract, Wintergreen Leaf Extract (Natural BHA), Allantoin",Heartleaf detoxifies and calms; Wintergreen mildly exfoliates; Allantoin protects.,"Oily, Combination, Acne-Prone, Sensitive","Active Breakouts, Post-Gym Redness, Excess Sebum",Dual-sided embossed cotton pads soaked in watery essence,"Instant cooling sensation, refreshing, no residue","Swipe the embossed side to exfoliate, then leave the smooth side on red areas for 5 minutes as a targeted mask.","Vegan, Biodegradable Pads, Cruelty-Free, Alcohol-Free","#PostWorkout routine, Redness relief in 60 seconds, K-Beauty travel hack",TikTok-viral 'skin-icing' effect without the mess.,Addresses 'Maskne' and hard-water-induced skin sensitivity in US regions.
Product,KLR-004,Hypochlorous Acid Soothing Mist,차아염소산 수딩 미스트 (스팟 케어 & 트리트먼트),A high-performance SOS mist utilizing Hypochlorous Acid to combat bacteria and inflammation. It mimics the body's natural immune response to heal breakouts and soothe eczema-prone skin.,,SOS Spot & Treatment Mist,The ultimate anti-bacterial shield for troubled skin.,"Hypochlorous Acid (HOCl), Electrolyzed Water, Sodium Chloride",Naturally produced by white blood cells to fight bacteria; Anti-inflammatory; Speeds up healing.,"Acne-Prone, Eczema-Prone, Sensitive","Maskne, Body-acne (Bacne), Irritation, Bacteria-driven breakouts","Fine mist, water-like","Clean, weightless, instantly calming","Mist over face or body after sweating, or as a treatment step before serums. Safe for use throughout the day.","Non-Toxic, pH Balanced, Dermatologist Recommended, Fragrance-Free","#SOSMist, Antibacterial skin hack, Gym bag essential",The 'miracle spray' for post-gym breakouts and 'Maskne' prevention.,"Hypochlorous acid is a viral 'miracle' ingredient in US dermatological circles (e.g., Tower 28 style)."
Product,KLR-005,Snail Mucin & Ceramide Barrier Essence,스네일 뮤신 & 세라마이드 배리어 에센스,"A powerhouse essence blending ethically sourced Snail Mucin with barrier-strengthening Ceramides. This multi-functional formula targets fine lines, dark spots, and texture for a smooth, glass-like finish.",,Repair & Radiance Essence,K-Beauty's gold standard for skin repair and plumping.,"Snail Secretion Filtrate (92%), Ceramide NP, Adenosine",Snail mucin repairs damaged tissue; Adenosine provides anti-aging benefits; Ceramide strengthens skin.,"All Skin Types, Dehydrated, Aging","Fine Lines, Dark Spots, Sun Damage, Texture loss","Slimy yet fast-absorbing, stretchy essence","Plump, ultra-hydrated, Glass Skin finish",Apply to damp skin after toning. Pat gently to aid absorption.,"Ethically Sourced Mucin, Cruelty-Free, Paraben-Free","The #SnailMucin glow-up, Slime texture ASMR, Barrier protector","Already a US bestseller component, now enhanced with Barrier Care.",Snail Mucin remains a Top 3 K-Beauty search term on Amazon US.
Product,KLR-006,Vegan Vitamin C Brightening Jelly Mask,비건 비타민 C 브라이트닝 젤리 마스크,A high-potency Vitamin C treatment delivered in a unique jelly-textured sheet. It provides an immediate antioxidant boost to brighten dullness and even out skin tone.,,Instant Glow Sheet Mask,Eco-conscious brightening for an instant event-ready glow.,"Sodium Ascorbyl Phosphate (Stable Vit C), Niacinamide, Glutathione",Stable Vit C brightens without irritation; Niacinamide targets pores; Glutathione is a master antioxidant.,"All Skin Types, especially Dull or Sun-damaged","Hyperpigmentation, uneven tone, fatigue signs","Cooling jelly-sheet, high-adhesion","Instant glow, brightening boost",Apply to clean skin for 15-20 minutes. Massage remaining essence into face and neck. No rinsing required.,"100% Vegan, Biodegradable Sheet, Clean Ingredients","#InstantGlow mask, Prep for the weekend, Jelly mask aesthetic",Instant gratification for 'Clean Girl' prep routines.,Shift towards 'Eco-conscious' and 'Instant-gratification' sheet masks.
Product,KLR-007,Matcha & BHA Pore Foaming Cleanser,말차 & BHA 포어 클렌징 폼,A low-pH gel-to-foam cleanser that pairs the antioxidant power of Matcha with Salicylic Acid to dissolve oil and debris while keeping the skin barrier intact.,,Detox & Refine Cleanser,Deep pore cleansing that respects your skin's natural balance.,"Matcha Green Tea Extract, Salicylic Acid (BHA 0.5%), Green Tea Leaf Water",Matcha provides antioxidants; BHA dissolves pore-clogging oil; Green tea soothes.,"Oily, Combination, Acne-Prone","Blackheads, Large Pores, Excess Oil",Creamy gel that transforms into dense foam,Deeply clean but not stripped (pH balanced),Lather a small amount in wet hands and massage onto face. Rinse with lukewarm water.,"Low pH (5.5), Sulfate-Free, Non-Stripping","#PoreCare routine, Matcha power, pH balanced cleaning",The perfect second step for a K-Beauty double cleanse.,Growing awareness of the 'Acid Mantle' and low pH cleansing in the US.
Product,KLR-008,Mineral Tone-up Sun Stick,미네랄 톤업 선 스틱,"A 100% mineral sun stick that provides broad-spectrum protection with a natural, blurring tone-up effect. Designed for easy re-application over makeup without clogging pores.",,SPF 50+ Physical Shield,"No-mess, reef-safe protection for on-the-go lifestyle.","Zinc Oxide, Titanium Dioxide, Calamine, Vitamin E",Physical filters block UV; Calamine calms and provides pinkish tone-up; Vit E protects from pollutants.,"Sensitive, Fair to Medium tones, Outdoor enthusiasts","UV Damage, Sensitive to Chemical Sunscreens, Blue Light","Silky, easy-glide stick","Natural brightening, soft-blur, no white cast (optimized)",Glide directly onto skin or over makeup. Re-apply every 2 hours during sun exposure.,"SPF 50+ PA++++, Reef-Safe (Hawaii compliant), Non-Nano, Vegan","#SunStick hack, No-mess sunscreen, Reef-safe beauty",Environmentally conscious protection that fits in your pocket.,High demand for 'Reef-safe' mineral formulas in coastal US states.
Product,KLR-009,Soybean Deep Cleansing Oil,콩 추출물 딥 클렌징 오일,"A lightweight, water-soluble cleansing oil that uses Soybean and Jojoba oils to dissolve waterproof makeup and pollutants while mimicking the skin's natural oils for a soft, balanced finish.",,Makeup Melting Oil,Effortlessly melt away the day with heritage ingredients.,"Glycine Soja (Soybean) Oil (50%), Jojoba Seed Oil, Sunflower Seed Oil",Soybean oil dissolves makeup; Jojoba mimics skin sebum for balance; Sunflower oil prevents moisture loss.,"All Skin Types, even Oily (oil dissolves oil)","Waterproof Makeup, Sebaceous Filaments, Sunscreen Residue","Lightweight oil, water-soluble (emulsifies quickly)","Clean, soft, no oily film left behind","Massage onto dry face to dissolve makeup. Add water to emulsify, then rinse thoroughly.","Mineral Oil-Free, PEG-Free, Fragrance-Free","#DoubleCleansing routine, Melt your makeup, Blackhead removal hack",K-Heritage meets modern double cleansing.,The 'Double Cleansing' method is now a standard 'Clean Girl' aesthetic ritual in the US.
Brand_Identity_Detail,Company Introduction,,,Klear is a premium K-Beauty brand dedicated to 'Radical Transparency' and 'Uncompromised Protection' for your skin.,클리어(Klear)는 피부를 위한 '철저한 투명성'과 '타협 없는 보호'를 실천하는 프리미엄 K-뷰티 브랜드입니다.,,,,,,,,,,,,,
Brand_Identity_Detail,Brand Vision,,,To define the future of K-Beauty in the US by becoming the most transparent and trusted skincare partner for the next generation.,다음 세대를 위해 가장 투명하고 신뢰받는 스킨케어 파트너가 되어 미국 내 K-뷰티의 미래를 정의하는 것입니다.,,,,,,,,,,,,,
Brand_Identity_Detail,Brand Mission,,,"To empower consumers with honest ingredient data and high-performance, barrier-first skincare solutions.",정직한 성분 데이터와 고기능성 장벽 중심 스킨케어 솔루션으로 소비자에게 자신감을 부여하는 것입니다.,,,,,,,,,,,,,
Brand_Identity_Detail,Core Philosophy,,,Radical Transparency: No hidden ingredients. Uncompromised Protection: Barrier-focused science.,철저한 투명성: 숨겨진 성분 없음. 타협 없는 보호: 장벽 중심의 과학.,,,,,,,,,,,,,
Brand_Identity_Detail,Target Market,,,"US Gen Z and Millennials seeking clean, effective, and ethically produced skincare.",클린하고 효과적이며 윤리적으로 생산된 스킨케어를 찾는 미국 MZ세대.,,,,,,,,,,,,,
Brand_Identity_Detail,Brand Commitment,,,"100% Vegan, Cruelty-Free, Fragrance-Free, and MoCRA compliant.","100% 비건, 크루얼티 프리, 무향, MoCRA 규제 준수.",,,,,,,,,,,,,
